gpcrdb_pos	circle_id	text_id	gpcrdb_label_id	top_aa_label_id	freq_label_id	segment_label_id	extra_ids
1x33							
1x36	145	145t					
2x64	198	198t					
45x52							
5x40	302	302t					
6x53	356	356t					
7x37	372	372t					
7x42	377	377t					
7x45	380	380t					
1x27							
1x39	148	148t					
1x40	149	149t					
2x67	201	201t					
2x68	202	202t					
3x36	226	226t					
3x37	227	227t					
3x44	234	234t					
5x37	298	298t					
5x38	299	299t					
5x39	301	301t					
6x56	359	359t					
7x38	373	373t					
7x41	376	376t					
